Timestamp,Discord is REQUIRED for the tournament. Please provide your Discord Username below.,"Please include a OP.GG Multisearch link of all your accounts you have played on in 2024.
(https://www.op.gg/multisearch?hl=en_US )",What is your Primary Role?,Please Indicate your Top 3 Champs for your Primary Role,What is your Secondary Role? (Cannot be the same as your Primary Role),Please indicate how equal your proficiency is in your secondary role as compared to your primary role?,Please indicate your peak rank for 2024 Season 3,Do you believe your peak rank is an accurate reflection of your skill?,"If no, why not?","Please Indicate which days you are free to play:
(Select both if free for both)","Would you be interested in being a captain?

Captain expectations:
a. You are present for Draft Day and draft your team.
b. You schedule 5 for each of your games each weekend.
c. You receive Tournament Codes from Tournament Staff every week and distribute them to your team.
d. You report Game IDs to the appropriate channel.
e. You supply replay files to the appropriate folder.","Who, if anyone, referred you to the VLN League?","Please describe yourself, your playstyle, or anything that you think would help a Captain better understand you.",What champion do you identify the most with and why?,Please join this discord upon completion of the survey,,"primary
consideration","secondary
consideration",Notes
12/4/2024 11:59:54,xenux,https://www.op.gg/multisearch/na?summoners=xenux%23xenux%2Clordofthewhites%23na1,Top,"wukong, shen, illaoi",Mid,Equal,Emerald 3,No,glass mentals make games hard to win sadge,"Saturdays, Sundays",No,,"I can change my playstyle based on junglerâ€™s need. Weakside iâ€™ll hunker down and absorb pressure, strongside iâ€™ll play for prio

Iâ€™m more of a viber, but can also sweat if the team wants

Very available for scrims/vod reviews/team bonding

also learning ornn",any champs with beards because GOALS ðŸ˜ (especially daddy ornn),"Okay, I have done it.",,TRUE,FALSE,
12/4/2024 12:03:59,DavidEdge,https://www.op.gg/summoners/na/DavidEdge-NA1,Support,"Braum, Rakan, Milio",Jungle,Slightly Worse (1 Rank Lower),Diamond 2,Yes,,"Saturdays, Sundays",If no one else will,,I am a team focused macro player. Winner of multiple VLN tournys.,"Maokai, he is a tree.","Okay, I will",,TRUE,FALSE,
12/4/2024 12:09:29,karismxtic,https://www.op.gg/summoners/na/karismxtic-NA1,Mid,"anivia, ahri, veigar",Support,Worse (2 Ranks Lower),Diamond 4,Yes,,"Saturdays, Sundays",No,,"Iâ€™m not good at making decisions but iâ€™m very good at doing what iâ€™m told, I can struggle in lane sometimes but i excel in the mid game and beyond and in team fights. I only play AP mids.","Anivia, she isnâ€™t fast or flashy and has a relatively simple kit but I think thereâ€™s a lot of skill expression in the way it can be used. I like zone controlling and peeling for my allys","Okay, I will",,FALSE,TRUE,
12/4/2024 12:14:41,Pandaemonium35,https://www.op.gg/multisearch/na?summoners=Strquiphund%2CHis+Brother%23Ethan%2CPandaemonium35,Top,"Teemo, Darius, Mundo",Support,Equal,Diamond 4,No,Masters 160lp on top/support peak ,"Saturdays, Sundays",If no one else will,Reddit ,"I can flex top or support and role swap if needed. On pyke obviously I like to play aggressive and try to close out games early. I like to shotcall. My top is good as well, my champ pool can extend if need be; my fiora is passable.","Pyke, most recent addition to my champ pool, probably my strongest atm","Okay, I will",,TRUE,FALSE,mundo
12/4/2024 12:14:56,Stl_Slayer_24,https://www.op.gg/multisearch/na?summoners=Stl+slayer+24+%2CYou+grubs+me+int,ADC,Varus Twitch Kaisa,Top,Slightly Worse (1 Rank Lower),Master,Yes,,"Saturdays, Sundays",Yes,,I get ganked by enemy jungle,"Twitch, he is a stinky rat","Okay, I have done it.",,TRUE,FALSE,
12/4/2024 12:25:05,mctatertot,https://www.op.gg/multisearch/na?summoners=Gamer+destroyer%23llt%2Cgamer+destroyer%23dump,Jungle,"Fiddle, Skarner, Sej",Support,Equal,Emerald 3,No,I nuked to silver 4 man idk this shitâ€™s fucked up im so bad (itâ€™s totally fair to rate me at E3 tho since i perform better in tournaments than solo queue),"Saturdays, Sundays",No,VLN ,Mage bots and bard ,Bard bard bard bard bard,"Okay, I have done it.",,FALSE,TRUE,supp jgls
12/4/2024 12:33:05,jinjguchiha,https://www.op.gg/summoners/na/JinJG-JinJG,Jungle,Viego khazix rengar,ADC,Slightly Worse (1 Rank Lower),Emerald 2,No,Depends,"Saturdays, Sundays",Yes,VLN himself,The best jg na,Viego/you know why,"Okay, I have done it.",,FALSE,FALSE,carry jungler
12/4/2024 13:20:52,jun_with_an_e,https://www.op.gg/summoners/na/jun-9845,Support,"Seraphine, Renata Glasc, Zyra ",Mid,Slightly Worse (1 Rank Lower),Gold 1-4,Yes,,"Saturdays, Sundays",If no one else will,The boy savior ,"If you shotcall and tell me what to do, I will trust 100%. I don't tilt in league and prefer to stick by ADC throughout game to snowball. I only play enchanters and mages, play style focused on keeping team alive or CC.",identify most with seraphine - my gameplay is as lame as her lore but I'm happy to be here :),"Okay, I have done it.",,FALSE,FALSE,meh im better sup
12/4/2024 13:20:53,VeryLastNerve,https://www.op.gg/summoners/na/verylastnerve-nerve,Top,"Sett, Ornn, Malphite",Support,Equal,Silver 1-4,No,"I do think I am better than s3, but also tanks just play themselves. Anyone on these champions can hit masters","Saturdays, Sundays",Yes,I'm VLN,I can and will get backpacked by my team and yell the loudest about how good we are,"Sett, cause I like big, thick men. ","Okay, I will",,FALSE,TRUE,TANKS
12/4/2024 13:39:28,recoveringschizo,https://www.op.gg/summoners/na/Adofl%20Kittler-meow,Jungle,yumi brand ivern,Mid,Equal,Gold 1-4,No,cuz im chill like that ,"Saturdays, Sundays",Yes,ur momma,chill,nidalee cuz both are spears sharp as daggers,"Okay, I have done it.",,FALSE,FALSE,
12/4/2024 14:28:52,kybcat,https://www.op.gg/multisearch/na?summoners=kybcat%2C%20kybcvt,ADC,"Cait, Ashe, kaisa",Top,Equal,Gold 1-4,No,I run BOL draft so I have very little time to play. High Plat/Low Em ,"Saturdays, Sundays",Yes,VLN,uhh vibes,"viego, im a fill player","Okay, I have done it.",,FALSE,FALSE,
12/4/2024 15:38:31,CCswift,https://www.op.gg/summoners/na/CCswift-NA1,Top,"Kled, Camille, Akshan",Mid,Slightly Worse (1 Rank Lower),Platinum 1-4,Yes,,"Saturdays, Sundays",If no one else will,VLN himself.,The Feastler or The Faminler,Tahm Kench who just pressed 'r' on a Kog'Maw who's using the Pug'Maw skin because I too have that dawg in me.,"Okay, I have done it.",,FALSE,FALSE,carry top
12/4/2024 15:58:56,themangomenace,https://www.op.gg/summoners/na/ChewyLight28-NA1,Support,"Senna, Thresh, KENCH",ADC,Equal,Platinum 1-4,No,I didn't really play last season. I should be emerald (don't know if high/low),Saturdays,No,IVE BEEN HERE FOR YEARS,"I like a lot of scaling, slow playing, ability-based adcs/supports. Im generally positive and resistant to tilting. As far as tilting, I get quieter rather than ruin morale. I like some wacky builds if we get super ahead but I pinky promise to build smart till we 100% know we're gonna win or its a necessary tech add in based on a weird situation",Manamune. haha mana machine go brrrrrrrrrrrrr,"Okay, I have done it.",,TRUE,FALSE,W supp?
12/4/2024 16:58:10,MajinHollow,https://www.op.gg/multisearch/na?summoners=MajinHollow%23Vayne%2CIndignified%23NA1,ADC,Kai'sa/Vayne/Tristana,Mid,Equal,Gold 1-4,No,I have hit emerald multiple times and have not been fully try-harding in ranked the last two splits. I believe I can easily hit Plat and more than likely Emerald if I play seriously.,"Saturdays, Sundays",If no one else will,,"I feel I have a flexible playstyle and champ pool. I can play to the team's needs, and enjoy macro oriented play. I do prefer playing strong side and like having a proactive support in bot lane, whether its a support that plays for lane kills or perma roaming.",Tristana - is a carry that has psychopathic trading patterns,"Okay, I have done it.",,FALSE,FALSE,adc player
12/4/2024 17:00:24,Earthen,https://www.op.gg/multisearch/na?summoners=The+World%23URDAD%2CI+ROAR+YOU+BOW%23VAHIR%2CJudgement%23URDAD,Top,"Yone is #1, but i play everything",ADC,Equal,Emerald 4,No,"Iâ€™m washed asf, but i still think im around p2-3 range","Saturdays, Sundays",Yes,THE NERVOUS SYSTEM BBY (srry got busy or would have played with yall more),"I am a very aggressive to a fault player that has a wide champ pool and can compete even against people more skilled than me. I am skilled mostly in teamfight, split push, and protect the carry comps but am flexable as needed.","Yone or Nilah, prob the champs I am best at anyway lol","Okay, I have done it.",,FALSE,FALSE,
12/4/2024 16:59:56,tibbywibby11,https://www.op.gg/summoners/na/The%20Moon-urbro,Jungle,Evelynn Jarvan IV Viego,Top,Worse (2 Ranks Lower),Gold 1-4,Yes,,Sundays,No,Earthen,I can be a bit chaotic if im comfortable and i take somewhat risky fights but under pressure i can perform and make better decisons,braum because i lilke to help people,"Okay, I will",,FALSE,FALSE,carry jgl
12/4/2024 19:51:09,Mcfasho,https://www.op.gg/multisearch/na?summoners=Mcfasho%23na1%2C%20chomeanie%23mean%2C%20shi8shekki%23na1%2C%20later2that%23na1,Jungle,"Jarvan, Lee sin, Hecarim",Top,Slightly Worse (1 Rank Lower),Emerald 2,Yes,,"Saturdays, Sundays",No,,"I look for high percentage plays through wave states, matchup advantages, summ and ult cooldowns, item advantages, and power spikes and play around those. I want to play with laners that will communicate important information like this. I play most nights starting around 9 pm CST.","Wukong - Iâ€™m Chinese, and Iâ€™m a monkey","Okay, I have done it.",,TRUE,FALSE,i know him
12/4/2024 22:04:11,crimson_0range,https://www.op.gg/summoners/na/BigBootyBarrels-Bomba,Top,"Gangplank vlad are top two, then rumble renekton yone ksante are all same level",Mid,Slightly Worse (1 Rank Lower),Platinum 1-4,No,"currently peaking plat four, probably going to try to hit plat 1/emerald by the end of this split","Saturdays, Sundays",Yes,,"im a very self reliant player, and i consistently get leads in my lane without the help of a jungle, and can stabilize a lane versus a player of higher skill then myself and stabilize if im being camped",i prefer gangplank renekton and vlad. they are champs im very comfortable on and feel like i always have options and am very versatile ,"Okay, I have done it.",,TRUE,FALSE,GP
12/5/2024 1:45:04,chaos0002,https://www.op.gg/summoners/na/OkNowImTilted-Aim?queue_type=SOLORANKED,Top,"Camille, Jax, Gwen",Mid,Equal,Gold 1-4,No,"I Would say i am plat level, i was emerald last split and just had a rough start to the split and haven't climbed back up yet, i was placed gold 2 at season start.","Saturdays, Sundays",No,VeryLastNerve,"I am able to play carry top lane as well as weak side top, i prioritize cs and trying to get my first item spike, cs lead etc, a lot of champions i play such as camille or ambessa rely on 1-2 item spikes and so i usually try to just hold it down toplane and get as much gold as i can / try to work with my jungler when topside before using tp down to drag fights / grouping for teamfights. I am good at comms and outgoing and also very chill i won't tilt or cause issues within the team. ","Camille due to her ability to be able to outplay matchups mechanically / high skill ceiling  and play calculated around her passive shield and q2, also her ability to lock down a target (usually adc) with her R in teamfights and get a assassination with Q2","Okay, I have done it.",,FALSE,FALSE,600 games silver
12/5/2024 16:05:18,datgillyweed,https://www.op.gg/multisearch/na?summoners=gilly%231111,Mid,"IRELIA, CASSIOPEIA, RYZE",Support,Equal,Bronze 1-4,No,CHALL PLAYER GAPPED BY RITO MATCHMAKING,Sundays,If no one else will,VERY LAST NERVE,CHALL PLAYER IRELIA GAPPER MY RYZE IS MATCHED BY NONE,TRUNDLE CHOMP CHOMP CHOMP,"Okay, I have done it.",,FALSE,FALSE,bronze
12/5/2024 18:24:13,ririkaririka,https://www.op.gg/summoners/na/Ririka-6890,Mid,"Sylas, Akali, Tristana",ADC,Slightly Worse (1 Rank Lower),Master,Yes,,"Saturdays, Sundays",No,,Won 3 tournaments in Black Grimoire (ex Femboy Paradise server) and Wild West Tourney. I am very flexible and open to pick any champs needed for the comp. I have champ cosmos and can play anything at a high level,"Sylas or Viego, I play every champ","Okay, I have done it.",,FALSE,FALSE,MEGA PRIO
12/5/2024 20:08:48,_lakuna,https://www.op.gg/multisearch/na?summoners=Lakuna%23TAU3,Jungle,"Volibear, Gwen, Udyr",ADC,You probably should not draft me for my secondary role.,Emerald 4,No,"I was 60% winrate diamond 2 the previous split, but I am graduating in two weeks so I have been too busy to play much this split.","Saturdays, Sundays",If no one else will,Sk evaps,"I mostly prefer power-farming/carry-style junglers, but I can play some ganking junglers if I must.",Volibear; I have mained him for like six years.,"Okay, I have done it.",,FALSE,FALSE,cap?
12/6/2024 2:50:30,ffsfruit,https://www.op.gg/summoners/na/NAQI-crack,Mid,qiyana lissandra neeko,Support,Worse (2 Ranks Lower),Diamond 4,No,emerald stucker,"Saturdays, Sundays",If no one else will,reddit/vln himself,"in coordinated settings i tend to play around my team, whether that be communicating key information or picking supportive/complimentary picks like orianna and lissandra. win or lose i try my best and do whats in my power to better the team",giga braum,"Okay, I have done it.",,FALSE,FALSE,
12/6/2024 15:12:28,Epicphail2,https://www.op.gg/summoners/na/OshaInspector-OSH,Jungle,"Kayn, Xin Zhao, Jarvan 4",ADC,Slightly Worse (1 Rank Lower),Gold 1-4,No,"Haven't played ranked in years, would be somewhere in diamond range","Saturdays, Sundays",If no one else will,That VLN Very last nerve reily guy,"Brain off, go in, win",Rell because RAAAAAH GO WIN FIGHT!!!,"Okay, I have done it.",,FALSE,FALSE,
12/6/2024 22:42:28,_aly39_,"AlyXO#3976,AlyXO#NA2,AlyXOXO#NA1",Mid,"Akali, Yasuo, Mages (Literally all of them).",Support,Equal,Platinum 1-4,No,"I smoke way too much when I queue soloq these days. I take the inhouses much more seriously. I would say my rank last season is closer, E4. ","Saturdays, Sundays",No,,I'm a pretty flexible person and player. ,Tough question. I would say Akali because I've always liked how she expresses a very serious energy but has a lot of personality.,"Okay, I have done it.",,FALSE,FALSE,
12/8/2024 0:14:16,OWLBIRD NA#1,https://www.op.gg/multisearch/na?summoners=OWLBIRD%23NA1,Mid,Vladimir Yasuo Xerath?,Top,Equal,Gold 1-4,No,I think i could get plat 4 at least im a bit too washed to claim anything more and i dont care to play enough to prove myself wrong.,"Saturdays, Sundays",No,My brother browsing reddit a while ago and then the owner after i got kicked out of it a while back. ,"I am a demure, quiet, honest, pensive, and sad. My biggest weakness in my opinion when it comes to league is my communication and shotcalling skills. If someone speaks up even if I have an idea i just end up thinking something sad and just let it happen. I don't take advantage of pings too often besides the 5 free gold for pinging wards. However, when it comes to laning, if I lose it is with grace. I rarely if ever feed. I am willing to play weakside. I don't need or care for getting my teams help. That is why i prefer split pushing if I am selected as a top laner. As a mid laner, I only trust myself and so I have generally only picked characters that scale and are strong late so I always have a future and I can always believe in my own strength. I am not toxic though. I won't flame though I will bm the opponent using an emote here and there if i remember for mental warfare because this game is a mental game and being honorable is a joke. Leave your honor at the door when you want with the exception of scripts. I have the experience where I can play enough champs to cover teamcomp weaknesses in general though I do not enjoy playing teamfighters top lane. Also i said my main lane is midlane but this past split half my games are in top lane as you probably saw using that opgg link.","Syndra or Aatrox... I guess I will go with Syndra because I also an unhappy person since childhood just like her. Just like her, I had my abilities stunted because of what my ""caretakers"" did. Just like her I became angry towards my home. Just like her I woke up though in my case it is more metaphorical. Now the one big difference is the fact she swore vengeance on all those who ruined her while I chose the path of forgiveness and to regain the ability to grow my abilities no matter what. ","Okay, I have done it.",,FALSE,FALSE,
12/8/2024 11:14:07,Jbish96,Gumbastomp69#NA1,ADC,"Jhin, Ashe, Jinx",Support,Equal,Platinum 1-4,Yes,,"Saturdays, Sundays",No,,"I did hit emerald last split, and was a part of 1 other tournament before although I didnâ€™t play in an games, just scrims. 
As ADC I try to play by 1. Minimize deaths 2. Maximize gold.
As support I love getting counter pick and enabling my team by roaming and controlling objectives",I love Jhin because of the burst and cc ability,"Okay, I have done it.",,FALSE,FALSE,
12/8/2024 18:51:09,darkll,https://www.op.gg/multisearch/na?summoners=railleyacil%2Cpewhdkolive%2Cdarkll%231024%2C,Mid,"Akali, Hwei, Akshan",Top,Slightly Worse (1 Rank Lower),Gold 1-4,No,"Don't play enough ranked games, MMR is mid-low plat probably","Saturdays, Sundays",If no one else will,this cool guy named VLN,"Pretty tilt proof, team player, probably don't/can't play the game enough to learn a bunch of new champs for the tournament though.","Akali, she's pretty cool at weaving in and out of fights and choosing her moment to kill people.","Okay, I will",,FALSE,FALSE,
12/9/2024 17:14:08,Ticofighter47,https://www.op.gg/multisearch/na?summoners=tico%23tahm%2Cticofighter%23na1,Top,"Tahm Kench, Shen, Garen",ADC,Slightly Worse (1 Rank Lower),Master,No,"I'm tahm otp, prob mid diamond with other champs","Saturdays, Sundays",No,jbish,"I'm tahm otp, I tend to like to play weakside and prio peeling for bot",tahm kench - i'm otp,"Okay, I will",,FALSE,FALSE,
12/9/2024 19:51:07,asadbanana,https://www.op.gg/multisearch/na?summoners=Banana%2354010%2CMeanQueen42%23na1%2CI+AM+R%CE%95BIRDED%23tism,Top,"illaoi, yorick, quinn",ADC,Slightly Worse (1 Rank Lower),Diamond 3,Yes,,"Saturdays, Sundays",No,naqi/ xenux,"i love split pushing, taking both tier 2 turrets, and then grouping for team fights and objectives.","quinn, because I am rebirded","Okay, I have done it.",,FALSE,FALSE,
12/9/2024 21:50:47,akudame_ikumika,https://www.op.gg/summoners/na/Akudame%20Ikumika-NA1,Jungle,Viego Belveth Kayn,Top,Worse (2 Ranks Lower),Diamond 2,No,"I'm 70% WR so far in diamond, i think i should be low master, but no proof!",Sundays,If no one else will,,prefer playing carry jg champs rather than tank. not very good at tank jg,Jayce from the hit series Arcane,"Okay, I will",,FALSE,FALSE,
12/9/2024 22:25:14,Promech,https://www.op.gg/summoners/na/Promech-NA1  ;  https://www.op.gg/summoners/lan/Sir%20Promech-LAN,Top,"Tahm Kench, Mundo, Gwen",Mid,Equal,Platinum 1-4,Yes,,"Saturdays, Sundays",No,,Weakside Toplaner,Gragas cause i'm fat and an alcoholic,"Okay, I will",,FALSE,FALSE,
12/10/2024 15:05:13,Serided,https://www.op.gg/multisearch/na?summoners=Serided%23RoHan%2C,ADC,"I literally play anything, I know a lot of people say that and suck but I'm being fr. Highest success is probably Xayah, Jhin, Jinx. I generally just play what's meta. ",Mid,Equal,Silver 1-4,No,"I'm inconsistent. I started ranked with a 16 win streak and god tier performance, and then have just been bouncing back and fourth. I also perform better in a team. If I have one other person to keep my macro and decisions in check I kick butt. That's why i play adc. more mid duo jg.","Saturdays, Sundays",Yes,Youtube channel,"Generally I like making big plays, can play safe though if need be. I play to carry, and I often do.",Jhin because he's a perfect champion,"Okay, I have done it.",,FALSE,FALSE,
12/13/2024 23:17:26,Pyrosi,https://www.op.gg/multisearch/na?summoners=Pyrosis%23NA1%2CLostinaRiver%23NA1%2CBabyblankers%23NA1%2CCuteLittleSiren%23NA1,Mid,"Zoe, Leblanc, Hwei",ADC,Slightly Worse (1 Rank Lower),Master,Yes,,"Saturdays, Sundays",If no one else will,Summit,"Good if we need a wincon, bad if they need a wincon. Champ pool typically geared towards being a carry, a facilitator, or a control mage depending on what the team needs. I'm a bit polarizing in communities on whether they think I'm calculated or whether I'm a dirty inter. ","Zoe, sheâ€™s super random but also smarter than she looks just like me teehee :p","Okay, I have done it.",,FALSE,FALSE,
12/14/2024 13:10:37,melonorb,https://www.op.gg/summoners/na/iggy-bored,ADC,"Miss Fortune, Ashe, i have only played league for like 2 weeks im sorry ask me again later",Jungle,Equal,Iron 1-4,Yes,i am only level 19 ,"Saturdays, Sundays",No,VLN ,i am here for a good time. i've got a few champs i like to play in every role other than top lane so just put me wherever! my best is probably belveth jungle but i don't play any other junglers yet..,one time darkll and i took dozens of league champ personality quizzes to see who's the first character we would get twice and according to that i am evelyn? but let's say belveth again bc i have an affinity for the void and knowledge to consume,"Okay, I have done it.",,FALSE,FALSE,
12/15/2024 12:56:44,Bhrisy,https://www.op.gg/multisearch/na?summoners=Bhrisy%23NA69%2CAnti+Tilt%23NA69,Support,"Thresh, Poppy, Milio",Top,Equal,Platinum 1-4,Yes,,"Saturdays, Sundays",If no one else will,THE VLN,Im cool guy,Ziggs because im wacky and zany,"Okay, I will",,FALSE,FALSE,
12/15/2024 12:57:42,Stran,https://www.op.gg/multisearch/na?summoners=Stran%23na1%2Cdrstran%23na1,ADC,"Corki, Miss Fortune, Jinx",Support,Slightly Worse (1 Rank Lower),Platinum 1-4,No,"Was previously plat before emerald was added, if I played more Iâ€™m probably mid to low emerald.","Saturdays, Sundays",If no one else will,Gamerd,Secondary carry that will carry or stay even against anybody,"Jinx, cause Iâ€™m insane","Okay, I have done it.",,FALSE,FALSE,
12/15/2024 13:38:26,catinatin,https://www.op.gg/multisearch/na?summoners=ErisTheExile%23NA1%2CA+cat+isfine+too%237861%2CHappiercat477%23NA1,Mid,"Neeko, Morgana, A sol",Support,You probably should not draft me for my secondary role.,Emerald 2,No,"No, lol. Just had a bad start to the reason and have not grinded the games to get back closer to my peak. I'm still around a mid-high dia player when I play competitively. ","Saturdays, Sundays",Yes,The Wind,,"Morgana, non-conventional pick that has a lot of hidden value and tricks to make work that people don't realize. Secondary follow up and good lock down but has potential to be a main threat with any lapse in attention from the opponents.","Okay, I have done it.",,FALSE,FALSE,
12/15/2024 13:45:58,Lapislazuli3824,https://www.op.gg/multisearch/na?summoners=Haumea%23SK1,Mid,Sylas Yone Irelia,Top,You probably should not draft me for my secondary role.,Emerald 4,No,My account is blacklisted,Sundays,If no one else will,Riley I've been here from day 1(More like day 200),Championship level player(1 title) + big game player and good team player,Viktor cuz he's built like me irl(unfortunately),"Okay, I have done it.",,FALSE,FALSE,
12/15/2024 13:58:54,dameionaruto,https://www.op.gg/summoners/na/DameioNaruto-GOKAI,Mid,"Akali, Ahri, Ekko",Jungle,Equal,Gold 1-4,No,I didnt play as much,"Saturdays, Sundays",No,,"Squirmishing and Macro, Misdirection","Zed, Ekko, Wukong because I great at predicting and misdirection","Okay, I have done it.",,FALSE,FALSE,
12/15/2024 14:19:05,different_lol,https://www.op.gg/multisearch/na?summoners=different%23adc%2Cgummyusi%23na2%2Cquestgoonhodgson%23na2%2Cdemarino%23na1%2Cdon+different%23na1,ADC,"Ashe, Ziggs, Caitlyn",Support,You probably should not draft me for my secondary role.,Master,Yes,,"Saturdays, Sundays",Yes,JinJG,Team player,Ashe because I am a team player and I have a fat ass,"Okay, I will",,FALSE,FALSE,
12/15/2024 14:19:06,_hyperdragon,https://www.op.gg/summoners/na/Hyperdragon-Ellie,Jungle,"Kayn, Lillia, Viego",ADC,Slightly Worse (1 Rank Lower),Diamond 3,No,I've been D1/ Masters most seasons and have won two tournaments vs masters+ players,"Saturdays, Sundays",No,VLN,I like to be the carry,"Kayn, 1v9 champ","Okay, I have done it.",,FALSE,FALSE,
12/15/2024 14:25:36,levizxy,https://www.op.gg/multisearch/na?summoners=levi%23na111%2C%20prince%23luvgf,Support,"Poppy, Leona, Rell",Mid,Slightly Worse (1 Rank Lower),Grandmaster,Yes,,"Saturdays, Sundays",No,different_lol,"Lane priority, Positive influence, Roaming genius",Viktor because I am disabled,"Okay, I will",,FALSE,FALSE,
12/15/2024 14:32:20,kie2522,https://www.op.gg/summoners/na/Kitty-iskie,Support,"milio, nami, Rell",Mid,You probably should not draft me for my secondary role.,Silver 1-4,No,"EHH im like yes/no, if i have caffeine yes","Saturdays, Sundays",No,Luke!,"Im very aggo with rell and nami at times, sometimes i get ahead of myself and sometimes i play too careful. I get super nervous playing with high ranks as well. But overall i try my hardest each round so i dont get support gapped.","Rell, because im super strong and love to jump on people and beat them up! :p","Okay, I have done it.",,FALSE,FALSE,
12/15/2024 16:05:06,aratthe,https://www.op.gg/multisearch/na?summoners=Team+Curse%23NA1%2CSennanom%23NA1,Support,"Lux, Morgana, thresh",ADC,Slightly Worse (1 Rank Lower),Gold 1-4,No,Ranked reset hit like a truck and I didn't bother to push back up to plat,Sundays,Yes,,"I love to play for kills typically, I generally enjoy playing league for fun but winning is usually more fun. I'm very hard to tilt and like to keep positivity ","""the sun is shining, we should too"" -Lux. posituvity :)","Okay, I have done it.",,FALSE,FALSE,
12/15/2024 16:17:52,os00z - its 2 zeroes ,https://www.op.gg/summoners/na/cas-ino,Jungle,Graves/J4/Lee Sin,Support,Equal,Emerald 1,No,I took a hiatus from the game (played OSRS) and there is a lot of room for improvement.,"Saturdays, Sundays",If no one else will,Luke/Different,Open minded and a willingness to learn the game even if it means starting from the bottom.,Graves cause who doesn't like an outlaw lol ,"Okay, I will",,FALSE,FALSE,
12/15/2024 16:28:09,.f_g.,https://www.op.gg/summoners/na/vowels-aeiou,Top,MUNDO MUNDO MUNDO MUNDO MUDNO,Mid,Equal,Emerald 2,No,I FEEL IM CHALLENGER IN MY HEART BUT IRON IN MY SOUL SO IT EVENS OUT TO DIAMOND 3,,Yes,MY POOKIE ADOFL KITTLER,DONT SPEAK GO IN BE SAD PUNCH WALL SIDELANE HIT TOWER PLUS 675 GOLD BUILD HULLBREAKER GET CADDY WATCH TRICK2G PLAY UDYR EAT HOT CHIP LIE KILL PEOPLE I AM MY OWN CAPTAIN YEE FUCKING HAW MY FAVORITE CHARACTER IS PETER FROM FAMILY GUY I LOVE PETER FROM FAMILY GUY HE'S MY SKIN IN FORTNITE YOU KNOW WHAT ELSE I HAVE IN FORTNITE THE MOTHERFUCKING!@!!!! griddy!! I SAID RIGHT FOOT CREEP MOONWALKIN WITH THE HEAT...,MUNDO BECAUSE IM BIG AND BUFF AND HAVE CHEMICALS IN MY BRAIN,"Okay, I will",,FALSE,FALSE,
12/15/2024 16:35:10,yeetyoteyate,https://www.op.gg/multisearch/na?summoners=YeetYoteYate%23NA1%2CYeetYoteADC%233790%2CYeetYoteTop%23NA1%2CYeetYoteMid%23Mid%2CYeetYoteJungle%23NAJng,Mid,"Anivia, Syndra, Xerath",Support,Slightly Worse (1 Rank Lower),Diamond 3,Yes,,"Saturdays, Sundays",No,VLN himself.,"I'm a recovering Anivia one-trick that's been branching out into different champs. I play mostly control mages at a mid-Diamond level and have been learning other champs (e.g. Akali, Yone) as well. Despite my one-trick status, I'm pretty versatile in terms of champ pool in midlane. I play to win lane 1v1 comfortably against my opponent before trying to spread my lead elsewhere. I prefer to go for macro outplays rather than mechanics-intensive fights.","Anivia, since she's my one-trick and I like her playstyle.","Okay, I have done it.",,FALSE,FALSE,
12/15/2024 18:09:53,billy5832,https://www.op.gg/summoners/na/BILLYBILLYBILLY-FATAF,Jungle,jarvan viego khazix,Support,Slightly Worse (1 Rank Lower),Diamond 2,No,i was 400lp last split,"Saturdays, Sundays",Yes,xDifferenbt,goat at everything,Graves cuz i run around with a shot gun and shoot people,"Okay, I have done it.",,FALSE,FALSE,
12/15/2024 18:24:15,Luytenn,https://www.op.gg/summoners/na/Luyten-NA1,ADC,"Jinx, Zeri, Lucian",Mid,Worse (2 Ranks Lower),Emerald 3,No,"Have not played much ranked this split, still need 11 more games to be eligible","Saturdays, Sundays",If no one else will,erm,weakside or gimme gold,jinx prob,"Okay, I have done it.",,FALSE,FALSE,
12/15/2024 18:44:59,@m8nerdbat,https://www.op.gg/summoners/euw/Gojo%20Satoru-30082,Top,"Yone, Camille, Gwen",ADC,Equal,Bronze 1-4,No,"not enough hard focus game ( i often have to leave or be afk a few minutes because of my girlfirend), i can't applied all the things i know in game because of my low experience so if i am focus on lane i have trouble with map awarness and if i do have map awarness i have trouble with last hitting etc","Saturdays, Sundays",If no one else will,,"player for 1 year, i like to be agressive in my gameplay and i like to play carry, like aphelios yone but i have no trouble playing something team need like ksante or aatrox, same for every role i can adapt for the teams need ","Aphelios, quiet focus on his mission, and i want to do the job with all i have. ","Okay, I will",,FALSE,FALSE,
12/15/2024 19:01:11,aguriv,https://www.op.gg/summoners/na/%EC%B6%94%EB%B0%A9%20Agu-BRNA,Top,"riven, aatrox, camile",Support,Slightly Worse (1 Rank Lower),Platinum 1-4,No,i dont know,"Saturdays, Sundays",If no one else will,evaps,"likes to 1v5, mechanic based, can adapt ",riven,"Okay, I have done it.",,FALSE,FALSE,
12/15/2024 19:03:46,superchicken.,https://www.op.gg/multisearch/na?summoners=SuperChicken%230123%2C,Jungle,"Kha'ziggs, Rango, Lee Chin",Mid,You probably should not draft me for my secondary role.,Emerald 4,Yes,,"Saturdays, Sundays",No,vowel,I like to go in and fight sometimes maybe.,I identify with Lee Sin cause we are both Chinese and blind.,"Okay, I have done it.",,FALSE,FALSE,
12/15/2024 19:05:46,baomatrix,https://www.op.gg/summoners/na/BioMatrix-EmiQT/auth/0ec416dc9d5b4e61e7186a603a2b8b90,ADC,"Kai'sa, Jinx, Ashe",Jungle,You probably should not draft me for my secondary role.,Emerald 3,No,Haven't been playing my main champs ,"Saturdays, Sundays",If no one else will,I found it when it first came out,Hypercarry player. I like to win.,Jinx. She's a lot like my Girlfriend in a good way.,"Okay, I have done it.",,FALSE,FALSE,
12/15/2024 19:09:25,Edmontosaurus,https://www.op.gg/summoners/na/Edmontosaurus-KogOT,ADC,"Kogmaw, jhin, smolder",Jungle,Worse (2 Ranks Lower),Emerald 2,Yes,,"Saturdays, Sundays",No,,I exist in the game,Kog'maw cause Kog'maw,"Okay, I have done it.",,FALSE,FALSE,
12/16/2024 1:53:18,Whynot99.,https://www.op.gg/multisearch/na?summoners=Akatsuki37046%23NA1%2CChignild%23NA1%2C+Cyzgem%23NA1%2C,Jungle,"Master yi, Viego, Wukong",Top,Slightly Worse (1 Rank Lower),Emerald 3,No,I experimented with different champs and strategies during my peak. If I otp my strongest champ and play more seriously I think I can climb higher.,"Saturdays, Sundays",Yes,Saw on reddit,"As a jungler I prioritize making sure my camps are down or cleared before looking for plays on the map. I ideally do not want to gank or play for objectives if I have multiple camps up, UNLESS I am fresh off from base with an item powerspike and I can guarantee the play without dying. Of course this is from my experiences from solo queue, if I play in a more team oriented environment I am willing to learn and adjust my playstyle if itâ€™s fitting.","Master yi. This is a champ that is most affected by the decisions you make. If you fall behind due to unnecessary deaths you are pretty much guaranteed to lose, if you play consistent and farm your camps while picking up kills. You have the agency to decide the fate of the game if you continue to play well. On other champs even if I am fed I sometimes feel powerless. Even if I die multiple times on amumu I can always win the game by pressing R during the right time (assuming my team can capitalize on it). To me that seems kind of cheap. ","Okay, I will",,FALSE,FALSE,
12/16/2024 14:12:29,themilkalator,https://www.op.gg/summoners/na/FunnyyButton-NA123,ADC,Cait MF Jinx,Mid,Equal,Platinum 1-4,Yes,,"Saturdays, Sundays",No,,passive scaling,MF cuz she has big tits,"Okay, I have done it.",,FALSE,FALSE,
12/16/2024 14:57:32,Gziemiyo#2771,https://www.op.gg/multisearch/na?summoners=AcidStep%2CStepAcid,Mid,"Malzahar, Twisted Fate, Fill (Annie, Fizz, Diana, Nasus, etc)",Jungle,Equal,Diamond 1,Yes,"I hit diamond 1 before season reset, this season seems to be much harder to rank up. I'm not sure what my current peak would be but I feel like peaking diamond 1 was easier than hitting diamond 4 in the current split. ","Saturdays, Sundays",If no one else will,,"I enjoy being a proactive player - that is - having a plan before anything happens and looking for opportunities to engage rather than proactive player - that is - having a plan before anything happens and looking for opportunities to engage rather than waiting for opponent to make a mistake. 

 I'm always looking for ways to improve as a player / as a team so a team that is looking to get better over time will fit my personality well. I'm looking for a team that will play with each other outside of the scheduled match. ",,"Okay, I have done it.",,FALSE,FALSE,
12/16/2024 16:49:55,borria,https://www.op.gg/multisearch/na?summoners=Borria%23NA1%2Cairrob%23NA1%2C,Support,Thresh Poppy Leona,Jungle,You probably should not draft me for my secondary role.,Master,Yes,,"Saturdays, Sundays",No,support mains subreddit,I like to shotcall and help make macro decisions. I am much better on tank/engage supports but can play enchanters if needed.,Rakan because I am a simp,"Okay, I have done it.",,FALSE,FALSE,
12/16/2024 17:16:41,bouncy.knight.,https://www.op.gg/summoners/na/Bouncy-yup,Jungle,"Ekko, Kha, Skarner",Support,Equal,Emerald 3,No,"I haven't played much this season, i usually rest around d4-d3","Saturdays, Sundays",No,Hyco,I try to be a chill guy who is mostly an objective oriented jungler who plays very aggressively and wants to fight everything. I really enjoy playing with people who are actively trying to get better so if i'm drafted i will spend a lot of time outside of matches trying to work on the kinks and flaws of my gameplay and trying to fit the playstyle of my teammates.,Probably Kha zix because you can set up and take objectives very fast with q evolve while also have a far engage range with ult and e and a lot of different ways to approach every match that are very beneficial with a lot of different team comps,"Okay, I have done it.",,FALSE,FALSE,
12/16/2024 18:02:03,brandis_,https://www.op.gg/summoners/na/Brandis-0704,Support,"Nautilus, Galio, Shen",ADC,Slightly Worse (1 Rank Lower),Bronze 1-4,No,Just came back to the game after a bit of a break. Still getting back into it and given more time I think I would hit a higher rank. I started playing again mid November and got into ranked early December.,"Saturdays, Sundays",If no one else will,SK invited me to the new server before Nerve but I participated in the first tournament.,"I tend to play a role and style that adapts to whatever the team needs. I am willing to play more or less any role and champ, and while I am definitely more comfortable on certain champs, I am open to playing whatever the team needs to succeed. My play style tends to be on the more analytical and slow side.",I identify with Galio because I like to help my allies and be ready to show up to the fight when needed.,"Okay, I have done it.",,FALSE,FALSE,
12/16/2024 18:17:23,.jakefromstatefarmat3am,https://www.op.gg/multisearch/na?summoners=DESTROYXXXL%2CDESTROYXXXXL,Top,"Illaoi, Cho'gath, Mordekaiser",Mid,Slightly Worse (1 Rank Lower),Emerald 3,Yes,,Sundays,No,,decisive. Willing to practice and try new ideas.,"illaoi, Lane domination.","Okay, I will",,FALSE,FALSE,
12/16/2024 19:27:54,xbalmer,https://www.op.gg/summoners/na/Balmer-024,ADC,"ezreal, caitlyn, ziggs",Mid,Slightly Worse (1 Rank Lower),Emerald 1,No,"I peaked diamond 3 and split ended while I was still climbing, not enough time to put into ranked to climb higher.","Saturdays, Sundays",No,VeryLastNerve (self promo channel in mutual server),"careful and calculated, I have played comp for around 2.5 years or so I have a deeper macro then micro and understand what to do. I can also adapt to any comp that is drafted and have a deep pool that perform close to the same on each champion, I know what champions I can play and can't play. I can also help with drafting and getting things organized.","Braum, big giga manly man chad","Okay, I have done it.",,FALSE,FALSE,
12/16/2024 21:58:27,acekiller1107,https://www.op.gg/summoners/search?q=aceill&region=na,Jungle,"zac , spider bish, o block leader",Support,Equal,Emerald 1,No,ima hit chall soon,Sundays,Yes,vln,i play as an ape every fight is winnable!,millio cuz we both brown,"Okay, I will",,FALSE,FALSE,
12/17/2024 7:11:01,rebornmountainx,https://www.op.gg/summoners/na/RebornMountainx-NA1,Jungle,fiddle viego nocturne,ADC,Worse (2 Ranks Lower),Grandmaster,No,im noob,"Saturdays, Sundays",No,,I play mostly aggressive champs other than fiddle,"Fiddlesticks, its my OTP","Okay, I will",,FALSE,FALSE,
12/17/2024 11:38:07,SwooshWRLD,https://www.op.gg/summoners/na/SwooshWRLD-0334,Mid,Yone Viktor neeko,Support,Equal,Gold 1-4,Yes,"I think my rank now is fair reflection, but I also don't grind ranked cause i never had to besides self pleasure. Now i feel like i will have a reason to improve and i know i can get better. ","Saturdays, Sundays",If no one else will,reddit ,I will to be aggressive and get ahead when I see and opening. I try not to take bad fight or bad rotates if there will be nothing there. ,"Yone, it was my first and best champ when I first started the game. ","Okay, I will",,FALSE,FALSE,
12/17/2024 11:45:31,Ponygafo,https://www.op.gg/summoners/na/Pony-gafo,Support,"Nami, milio, senna",ADC,You probably should not draft me for my secondary role.,Diamond 4,No,I hate ranked xd,"Saturdays, Sundays",No,,Very team and peel oriented. A supportive body to help strong players get ahead. I'll play whatever nowadays,"Milio, best peel and enhancing ability for an adc. (And also funne ap bomba)","Okay, I have done it.",,FALSE,FALSE,
12/17/2024 11:56:03,Jerboas,https://www.op.gg/summoners/na/Dan%20Smith-KLLR7,Support,"Yuumi, blitzcrank, nautilus",ADC,Slightly Worse (1 Rank Lower),Platinum 1-4,No,Haven't had the time to grind ranked,"Saturdays, Sundays",No,Gamer D,I am a yuubee enjoyer.,Yuubee cause it's a bee,"Okay, I have done it.",,FALSE,FALSE,
12/17/2024 14:59:47,shotsfortots,https://www.op.gg/summoners/na/it%20is%20what%20it%20is-na3,ADC,"Caitlyn, Jhin, Corki",Support,Equal,Silver 1-4,Yes,,"Saturdays, Sundays",If no one else will,IGN: Team Curse #NA1   discord name : aratthe,I have been playing since 2011 and have a good understanding of the game. I'm tilt-proof and can always see a line to victory. Love having fun with and encouraging teammates. ,Don't identify as any champions.,"Okay, I have done it.",,FALSE,FALSE,
12/17/2024 19:13:50,feeshstix#7200,op.gg/summoners/na/Hydra8-0705,ADC,"Aphelios, Ezreal, Kalista",Support,Equal,Silver 1-4,Yes,,"Saturdays, Sundays",No,,"Pretty flexible with picks for a team, and will typically make picks that synergize better with a team than a comfort pick. Espicially in a support role","Aphelios, feels pretty rewarding for me to learn, Iâ€™d comfortably call myself an Aphelios main and wouldnâ€™t mind taking him into a lot of matchups","Okay, I will",,FALSE,FALSE,
12/17/2024 19:22:28,mikesofikes,https://www.op.gg/multisearch/na?summoners=Mikesofikes%2C,Support,"Alistar, Braum, Maokai",Top,Equal,Bronze 1-4,No,"I dont play much ranked, I mostly play with friends","Saturdays, Sundays",No,,"I enjoy playing tanks that cannot die, I dont roam very much. ","Alistar, I enjoy the peel and keepaway. (I have been picking up maokai for the same reason)","Okay, I have done it.",,FALSE,FALSE,
12/17/2024 19:39:45,numberzer0,https://www.op.gg/multisearch/na?summoners=Number+Zer0%2CNumber+0n3,Mid,"Vel'Koz, Akali, Twisted Fate",ADC,Slightly Worse (1 Rank Lower),Emerald 2,No,"I did not play many ranked games in 2024 Season 3, but was D3 in 2024 Season 2 when I did play more games","Saturdays, Sundays",No,Cheese,I'll first pick or blind pick anything. Idc about the matchup I will hands diff one way or another.,,"Okay, I have done it.",,FALSE,FALSE,
12/17/2024 21:13:47,vanos____,https://www.op.gg/summoners/na/weddchan-2404,ADC,"Zeri,Kaisa,Ezreal",Mid,Equal,Emerald 2,Yes,,"Saturdays, Sundays",No,A guy on discord posted it and i joined it,Willing to learn and willing to take criticism and always looking for improvement.,Zeri because shes the champ i always played for long time,"Okay, I have done it.",,FALSE,FALSE,
12/17/2024 22:02:48,BirdP3Rson,https://www.op.gg/multisearch/na?summoners=Li+Lwhiteotisto%2CBirdP3Rson,ADC,"Jhin, Varus, Kalista",Jungle,Worse (2 Ranks Lower),Platinum 1-4,Yes,,"Saturdays, Sundays",No,The man himself Mr VLN,"I like to play for fun firstly and winning games is very fun. I prefer having a gameplan (what we are playing for) before/during draft. As long as I know who we're funneling/weaksiding, Im happy.",Varus. Just a dude with a bow,"Okay, I have done it.",,FALSE,FALSE,
12/17/2024 22:14:03,theencry,https://www.op.gg/summoners/na/Encry-ssj3,Jungle,"Warwick, Trundle, Sylas",Top,Equal,Platinum 1-4,Yes,,"Saturdays, Sundays",If no one else will,,Feast or camine,Warwick. I am the beast,"Okay, I have done it.",,FALSE,FALSE,
12/17/2024 22:29:26,mrlizwiz,https://www.op.gg/summoners/na/BronzeCena-Blind,Top,"Camille, K'sante, Gwen",Jungle,Slightly Worse (1 Rank Lower),Platinum 1-4,No,im an elo sitter,"Saturdays, Sundays",Yes,ME,I go crazy on that thang,Ksante cuz i like men,"Okay, I have done it.",,FALSE,FALSE,
12/17/2024 22:30:28,jayrich1101,https://www.op.gg/summoners/na/PeepaTheHound-Molly,ADC,Jinx Ezreal Zeri,Mid,You probably should not draft me for my secondary role.,Diamond 3,Yes,,"Saturdays, Sundays",Yes,,Fun ,Ezreal Hes Fun,"Okay, I will",,FALSE,FALSE,
12/17/2024 22:32:19,w0ld,https://www.op.gg/multisearch/na?summoners=Death%20%23March%2C%20Wullinave%23NA1,Support,"Pantheon, Pyke, Poppy",Mid,Worse (2 Ranks Lower),Emerald 1,Yes,,Sundays,No,"SK Evaps, Tonguey, Luyten",I wanna fight and win and carry and roam and high tempo and i talk a lot,Pantheon because I am a manly man.,"Okay, I will",,FALSE,FALSE,
12/18/2024 0:13:00,yushuYoshi,https://www.op.gg/summoners/na/Yoshi-Yushu,Top,Camille Ornn Aatrox,ADC,Worse (2 Ranks Lower),Diamond 3,Yes,,"Saturdays, Sundays",No,played before,Im just a top player that will talk,jax,"Okay, I have done it.",,FALSE,FALSE,
12/18/2024 0:21:33,Harold,https://www.op.gg/summoners/na/Harry%20Patterson-Fin,Mid,"Vex, Aurelion Sol, Ambessa",ADC,Worse (2 Ranks Lower),Emerald 4,No,"In most games I do really well compared to others like better k/da, macro, positioning, and teamfighting","Saturdays, Sundays",No,Bouncy on discord,All in risky or nothing idk what else rlly,Vex because I go in a lot and very hard. I can also bully hard early and roam if I want.,"Okay, I will",,FALSE,FALSE,
12/18/2024 3:56:17,joshe21,https://www.op.gg/summoners/na/Bosco23-0323,Support,"Sona, Zyra, Morgana",ADC,Slightly Worse (1 Rank Lower),Bronze 1-4,No,Iâ€™m just unlucky with teams,"Saturdays, Sundays",No,No one,Iâ€™m a support main that loves playing Sona so Iâ€™m a bit passive at first but I excel in the late game.,Sona. Someone that is caring and willing to help the team.,"Okay, I will",,FALSE,FALSE,
12/18/2024 6:12:52,Colby115,https://www.op.gg/summoners/na/Harbinger-115,Top,Garen Jax illoai (when sheâ€™s not gutted ),Support,Slightly Worse (1 Rank Lower),Gold 1-4,Yes,Gonna grind out a bunch of solo queue in coming weeks. That rank should be better,"Saturdays, Sundays",No,,Flexible player able to learn many champs,Illoai. My one trick and I love to 1v5 and split push,"Okay, I have done it.",,FALSE,FALSE,
12/18/2024 8:26:52,natchould,https://www.leagueofgraphs.com/fr/summoner/euw/Let+Him+C%C3%B8ok-5664,ADC,"Zeri, Jinx, Caitlyn",Top,Slightly Worse (1 Rank Lower),Gold 1-4,No,"Haven't been spamming the game that much this season, peaked Emerald 1 season 13, but the resets are too frequent to climb when only playing after work hours","Saturdays, Sundays",If no one else will,No one,"I would say that I play a bit too agressive, and that I want to play too much for the team, but except for that, I think that i'm doing pretty great in much of my games",ZERI GO BRRRRRRRRRR,"Okay, I have done it.",,FALSE,FALSE,
12/18/2024 8:47:38,jesshipo,https://www.op.gg/multisearch/na?summoners=peachyvibes%2380085%2Cjesshipopotamus%23NA1,ADC,"Kai'sa, Caitlyn, Lucian",Support,Equal,Bronze 1-4,Yes,,"Saturdays, Sundays",If no one else will,Reddit?,"Team Oriented, I like being told what to do and when to do it. BUT I can see an angle of execution, I would start directing you ","Kai'sa, Her favorite fruit is peaches and so is mine. her ability to follow up with any CC is great. i do the same in my day to day life, No i do not get CC but I am confident on being able to follow up and act on situations that come up. Also She was also the first new champion that came out when i started in 2018. Kai'sa was my first Penta ","Okay, I will",,FALSE,FALSE,
12/18/2024 9:21:54,pandaemonium9213,https://www.op.gg/multisearch/na?summoners=His+Brother%23Ethan%2CPandaemonium35%2C+Strquiphund%2C,Support,"Pyke, Sona, Nautilus ",Top,Equal,Master,Yes,,"Saturdays, Sundays",If no one else will,Reddit, I would argue that my teemo is better than my pyke when I play top --> I also play mundo and darius. I can flex most games. On pyke obviously I want to get a huge lead and play aggressive. Also on my top champs except mundo. Teemo and mundo are scaling picks. ,"Pyke, my most recent main, most comfortable support champ.","Okay, I have done it.",,FALSE,FALSE,
12/18/2024 9:46:41,peachyboop,https://www.op.gg/summoners/na/PeachyBoop-xdd,Support,"seraphine,soraka,pyke",Jungle,Equal,Iron 1-4,Yes,,"Saturdays, Sundays",No,older brother,im just a support main thats good (for iron lvl gameplay atleast lol) but hyper aggressive with both enchanters and engage champs. if i see an angle i will take it. i play like i can one shot anyone (which usually ends up well if adc follows up with me),soraka cuz i love spamming my E and Q at the nemy and being a rat,"Okay, I have done it.",,FALSE,FALSE,
12/18/2024 10:29:17,just.neo,https://www.op.gg/summoners/na/neo-1447,Mid,"Akali ,Ahri ,Yone",Top,Worse (2 Ranks Lower),Gold 1-4,No,I have taken alot of breaks causing me to fall off but I think if I kept playing and practicing i'd for sure be able to climb (maybe im coping but also ping sometimes rarely tho since i play on 90) but I don't think I think at best I could be master well I will get there if I keep trying as hard as i can but right now No i suck :P,"Saturdays, Sundays",No,,I make alot of stupid plays and risky/ gamble ones (sadly) but if they happen to work out I think they help out alot but I am an understanding person and If I get told like no don't go for it or don't try it I will not,"Akali, It's the first champion I picked up and prob the only one I will continue to play","Okay, I will",,FALSE,FALSE,
12/18/2024 13:28:51,Crazymike1#4374,https://www.op.gg/multisearch/na?summoners=Expertknifer%23daddy,ADC,"Ezreal, jhin, jinx",Support,Equal,Bronze 1-4,No,I have been playing ranked with a friend who isnâ€™t as good. And I have swapped to a new main role in this season ,"Saturdays, Sundays",No,N/A,I like to play proactively and push my leads as much as I can. I am generally level headed. I communicate as often and clearly as I can. I do play rather aggressive overall. ,Ezreal bc of his goofy 1 liners ,"Okay, I will",,FALSE,FALSE,
12/18/2024 18:03:32,me.pp,https://www.op.gg/summoners/na/PingSpam-NA1,ADC,"Hwei, Ashe, Jinx",Support,Slightly Worse (1 Rank Lower),Diamond 2,Yes,,"Saturdays, Sundays",No,,Semi-casual/competitive,Teemo,"Okay, I have done it.",,FALSE,FALSE,
12/18/2024 19:42:46,thespecial1,TouchVigor#NA1,Jungle,"Viego, Nunu, Volibear",Top,Worse (2 Ranks Lower),Diamond 3,Yes,,"Saturdays, Sundays",No,,Im the goat but not goat enough to draft,Viego we both lost bhad bitches,"Okay, I have done it.",,FALSE,FALSE,
12/18/2024 19:47:22,notalxd,https://www.op.gg/multisearch/na?summoners=notal%2CPedDabney,Jungle,"Viego, Vi, Sejuani",Top,Slightly Worse (1 Rank Lower),Platinum 1-4,Yes,,Sundays,No,Reddit,"I am a wanna-be pro player. I watch a ton of pro games and primarily play around learning many champs and playing macro oriented. I may not be the best carry, but I am consistent and team focused",Viego. I love to learn how to play every champ and he lets me do that with one character,"Okay, I will",,FALSE,FALSE,
12/18/2024 19:49:31,Geekee#4651,https://www.op.gg/summoners/na/Geek%C3%A8%C3%A9-0001,Support,"Seraphine, Lulu, Bard",ADC,Equal,Gold 1-4,Yes,,"Saturdays, Sundays",If no one else will,,Long time player who has lots of game knowledge and experience. Will probably be plat by the time the tournament begins. I took a break and had to start Bronze in split 3. Macro is my specialty. I am proficient on many support champs and styles. ,Volibear. He was my first main back in 2014 and I love him to this day. ,"Okay, I have done it.",,FALSE,FALSE,
12/18/2024 21:35:48,Horror,https://www.op.gg/summoners/na/Tony%20Hawk%20Tuah-Thang,Support,"Malphite, Thresh, Braum",Jungle,Slightly Worse (1 Rank Lower),Gold 1-4,No,"Have a lot of good games that just get thrown due to having teammates who lack game knowledge and are unwilling to communicate with team.  Overall, I accept my rank as I am unable to climb and that ultimately falls on me.","Saturdays, Sundays",Yes,,"Aggressive when looking for fights, very communicative (willing to be a shot caller), prioritize objectives and warding.  I tend to look for the late game success of the team than the mid game success for myself so I make decisions that benefit that goal.",N/A,"Okay, I have done it.",,FALSE,FALSE,
12/18/2024 23:04:34,Xellius,https://www.op.gg/multisearch/na?summoners=Xellius%23N%20B%2C%20BUTTERBOY%23DAIRY%2Cigoup,Mid,Syndra Hwei Tristana,ADC,Slightly Worse (1 Rank Lower),Master,Yes,,"Saturdays, Sundays",If no one else will,,,,"Okay, I have done it.",,FALSE,FALSE,
12/18/2024 23:27:38,vegito3650,https://www.op.gg/multisearch/na?summoners=ICarryOrILose%23FREAK%2CAlt+Acc+Inter%23ALPHA,Support,"Leona, Rakan, Nautilus",Jungle,Equal,Platinum 1-4,Yes,,"Saturdays, Sundays",If no one else will,Found a reddit post,"Macro player, can play any role if needed, team-player, good comms",Kayn - adaptibility required for solo q,"Okay, I will",,FALSE,FALSE,
12/19/2024 0:34:42,mrionzo.0224,Mrionzo10,ADC,"Jinx, Cait, Vayne",Mid,Worse (2 Ranks Lower),Bronze 1-4,No,"I think I'm better than bronze, but haven't gotten to ranked to actually prove it yet.","Saturdays, Sundays",If no one else will,Reddit post,"I like to think I'm pretty easy going, am fairly passive for the first few minutes unless my support is someone like thresh so we can farm kills and such.","Jinx for sure. Her playstyle suits me the best out of anyone in the game that I've tried, and I play a lot of ARAM. ","Okay, I have done it.",,FALSE,FALSE,
12/19/2024 1:13:03,val.d,https://www.op.gg/summoners/na/Gruuvvu-NA1,Mid,"Katarina, gragas, annie",ADC,Equal,Gold 1-4,No,"I made too many mistakes ranking (picks, testing champs, etc.) But definitely can be higher if i played 100% katarina every game.","Saturdays, Sundays",No,No one,"Very jungle supportive, if I'm ahead in lane, or have good opportunity, I will definitely roam. I take objectives seriously. Like high risk/reward scenarios. Definitely try not to int. lol. I understand when to be confident in teamfights.","As if right now, Katarina, high mobility, high damage, high risk. Can be shit on/Countered by everyone in lane but still has high potential mid-game.","Okay, I have done it.",,FALSE,FALSE,
12/19/2024 5:32:26,Dr Jackal,https://www.op.gg/multisearch/na?summoners=Dr+Jackal,Jungle,"Kayn, Ekko, and Lillia",Mid,You probably should not draft me for my secondary role.,Silver 1-4,Yes,,"Saturdays, Sundays",No,,"I play with a more aggressive play style looking to take over the early game and get my form as  soon as possible. I always full clear on my first clear and any clear after that I will look for ganks if I believe it will result in a kill or give me more of my form. I enjoy high tempo gameplay, but I also understand when to step back and play safe and defensive. If the opposing team has a stronger early game I will play a more defensive farm play style and look for opportunities to safely gank to get orbs for my form. ","I identify with Kayn the most. I enjoy how he is able to move around the map so quickly and dominate it as well as the variety of play style he has with his different forms. I also enjoy the variety of builds he can utilize in both forms (Bruiser, Lethality, and a mix of bruiser and lethality). I have always enjoyed assassins/ bruisers the most. ","Okay, I will",,FALSE,FALSE,
12/19/2024 10:09:53,isolation19,https://www.op.gg/summoners/na/Isolation-1909,ADC,"Kai'sa, Aphelios, Zeri",Mid,You probably should not draft me for my secondary role.,Gold 1-4,Yes,,"Saturdays, Sundays",If no one else will,reddit,My lane is probably weakest part of me. I like to be passive in lane and farm up as I play hyper carries,Aphelios. 6 items win the game,"Okay, I have done it.",,FALSE,FALSE,
12/20/2024 2:11:03,lanzus,https://www.op.gg/multisearch/euw?summoners=Lanzus73%23EUW%2CAres+Arc%23EUW,Top,"Ornn, Jax, KÂ´sante",Mid,Slightly Worse (1 Rank Lower),Master,Yes,,Saturdays,No,Reddit ,"Team oriented, often on Tank Duty, Strong Split-Pusher","Ornn, just op and fits my playstyle with helping the team and scaling, but having some agency myself","Okay, I have done it.",,FALSE,FALSE,
12/20/2024 22:49:23,aapathyy,https://www.op.gg/multisearch/na?summoners=Ouroboros%23train%2COuroboros%23climb,Mid,"Akali, Katarina, Taliyah",ADC,Slightly Worse (1 Rank Lower),Platinum 1-4,No,"Mental health, brain exploded, should be about low emerald","Saturdays, Sundays",If no one else will,None,"I like to play heavy early game tempo, whether lane domination or skirmishes. Like to take safe plays around objectives and play macro heavy mid to late game, don't really play to hands diff. Not a fan of roaming (Feels inconsistent), tend to have trouble playing for picks late game, better at playing teamfights.","Akali, very consistent at getting a lead on her, and most of my gameplay is based on abusing leads.","Okay, I have done it.",,FALSE,FALSE,
12/20/2024 23:39:28,amuchu,https://www.op.gg/summoners/na/Amuchu-NA1?hl=en_US,Support,"nami , seraphine, lulu",ADC,You probably should not draft me for my secondary role.,Platinum 1-4,No,need more practice,"Saturdays, Sundays",No,no one,I like to play for team and only play enchanters,seraphine i play her a lot,"Okay, I have done it.",,FALSE,FALSE,
12/21/2024 15:11:32,Skymoare,https://www.op.gg/summoners/na/Skymoare-poro,Mid,"Naafiri, Galio, Renekton",Support,Worse (2 Ranks Lower),Bronze 1-4,No,"Donâ€™t want to completely be a blamer, but teammates been a big one. Thereâ€™s time when itâ€™s my fault but sometimes lanes are just too fed to too many games. Had many very winnable games, but sometimes stuff happens  ig","Saturdays, Sundays",No,A post on Reddit ,"Mainly a Naafiri one trick, I enjoy plays where I can engage but also back out and escape if needed. Itâ€™s reflected in the champs I have played: Naafiri, Galio, Fizz, Amumu, Volibear. Itâ€™s a different pool of champs, but Iâ€™m always up to learning new ones","Naafiri, I started playing league about a year ago, and for that time I been one tricking Naafiri. ","Okay, I will",,FALSE,FALSE,
12/21/2024 22:11:16,austinsilva,https://www.op.gg/summoners/na/Bound-WVU1,Support,"Poppy, Tahm Kench, Nami",Top,Equal,Emerald 4,No,"I think i could hit a couple divisions higher in emerald if i played more games, and if i stopped tilt queueing.","Saturdays, Sundays",If no one else will,,"I like to play very aggressive and roam heavy as support, and I love playing around different members of my team, and acting as a play maker rather than a carry.","Poppy, I played her on and off for a bit, but then started essentially one tricking her this split. I love the power fantasy of being a tank with CC/slows on every ability, and screwing over the enemy championsâ€™ game plans","Okay, I will",,FALSE,FALSE,
12/22/2024 0:16:17,sihost.exe,https://www.op.gg/summoners/na/8002738255-help,Support,"Alistar, Thresh, Lulu",Jungle,Equal,Platinum 1-4,No,"I dont play ranked, rewards and sweats are a joke","Saturdays, Sundays",Yes,,"Interested in Capt. Knowledge of league since season 1, played in ton of tourneys and ran inhouses etc. (league of bronze series, victorious gaming,)","Nocturne; ""help is not coming""","Okay, I have done it.",,FALSE,FALSE,
12/22/2024 12:56:38,Tiger58,https://www.op.gg/summoners/na/Tiger58-SDC,Support,Lux Morgana Braum,ADC,Slightly Worse (1 Rank Lower),Gold 1-4,No,My wr is still like 56% so I'd probably be plat if I grinded 500 games,"Saturdays, Sundays",No,,"I like to be aggressive in the early game, which I prefer to do by winning lane, but also can pivot towards roaming (especially around grubs)","Lux, because she's always trying to be positive, and when I can do that, I'm the best version of myself.","Okay, I have done it.",,FALSE,FALSE,
12/22/2024 22:06:27,Warmpikmin,TahmTuah #6088,Top,"Tahm Kench, Heimerdinger, Mordekaiser",Mid,Equal,Iron 1-4,Yes,,"Saturdays, Sundays",If no one else will,Reddit,"I mostly play duo, however I do play well with a team.",Tahm Kench because he eats people,"Okay, I will",,FALSE,FALSE,
12/22/2024 22:28:09,kessler_kora,https://www.op.gg/multisearch/na?summoners=Kessler%23KORA%2CKessler%23NA3,Mid,"Viktor, Swain, Cassiopeia",ADC,Worse (2 Ranks Lower),Emerald 4,No,"Took a massive break, haven't played enough to climb to where my MMR seems to want me, will climb well past TheTouchVigor next split anyway...","Saturdays, Sundays",If no one else will,A reddit thread from 2 years ago,"Former master tier coach on this server. Currently not in form, may never be, but climbing fast i think",Swain. He stands there like a super-villain and sucks the life out of them. He also has a lot of build diversity and utility.,"Okay, I have done it.",,FALSE,FALSE,
12/22/2024 23:54:26,para.dox,https://www.op.gg/summoners/na/dont%20ever%20stop-NA1/auth/007de34fb6153a5d251031cb2e3f70ec,Jungle,"Kayn, Diana, Udyr",Support,Equal,Gold 1-4,No,I excel at macro and don't really play much soloq.,"Saturdays, Sundays",No,returning player,"I excel at macro, so I like jungle and support. ","Amumu - simple but if executed well, can be quite game-changing  ","Okay, I will",,FALSE,FALSE,
12/23/2024 6:41:14,a_k_z7,https://www.op.gg/summoners/euw/A7medSA-1889,Top,poppy only reaally i dontr play anything else at top,Jungle,Equal,Gold 1-4,No,i have some of a good macro and wave managment but i play tank top so icant carry games and often i lose cause of my team,Sundays,No,no one,i play an engange tank fronline i start plays and start to look for kills,poppy cause i main her and ai am good with her,"Okay, I will",,FALSE,FALSE,
12/23/2024 11:56:50,ookami_mio,https://www.op.gg/multisearch/na?summoners=Gawr%20Goomba%23shark%2C%20Firaga10101%23NA1,Top,Yasuo Volibear Ambessa ,Mid,Slightly Worse (1 Rank Lower),Emerald 1,No,I'm washed and climbing sucks.,"Saturdays, Sundays",No,VLN,I'd much rather play strong side top but I'm very much aware that most leagues typically have better chances on strong side bot. I struggle against people higher rank than me but will almost always dunk on people lower rank (sounds pretty obvious but iykyk). I am always willing to sack early lane for high % jungle plays.,I live and die by Yasuo. Either I'm the most impactful threat or the int-iest person on the planet.,"Okay, I have done it.",,FALSE,FALSE,
12/23/2024 12:35:10,benjamminlol,https://www.op.gg/summoners/na/Top%20Tower-NA1,Top,"Kled, Darius, Ornn",Mid,Worse (2 Ranks Lower),Diamond 4,No,I'm washed,"Saturdays, Sundays",No,your mom,the literal goat 2v1 machine what is macro ,Skarner im a just a chill guy,"Okay, I have done it.",,FALSE,FALSE,
12/23/2024 12:40:27,chubbydumpling,op.gg/carpetbombcorki,Support,corki ziggs rumble,ADC,Slightly Worse (1 Rank Lower),Platinum 1-4,No,actally i have 51 pecent wrintae if i palyed 1000 games id be chal,"Saturdays, Sundays",No,none,no,corki ziggs because terorirst,"Okay, I have done it.",,FALSE,FALSE,
12/23/2024 12:51:39,thahamburglar8920,https://www.op.gg/summoners/na/lsoDidact-NA1,Top,"Malphite, zac, aatrox",Mid,Worse (2 Ranks Lower),Platinum 1-4,No,Think I high rolled teams that could carry me through p2 tbh I play more often around a high p3- low p2 level,"Saturdays, Sundays",No,VeryLastNerve,I play well as a neutralizer/scaler,"Singed, because I'm always mixing up my champion pool","Okay, I will",,FALSE,FALSE,
12/23/2024 14:03:25,Barretel,https://www.op.gg/multisearch/na?summoners=Barretel%23SHACO%2CRangostabcat%23NA1,Jungle,"Shaco, Jarvan IV, Udyr",Support,Equal,Platinum 1-4,No,I think I would be at least high Plat if I played more.,"Saturdays, Sundays",No,VLN the legend himself,"I am a positive vibes loud player, I will do anything for my team and have been playing the game since it came out so I have some tricks up my sleeve.",Shaco because I am a freak.,"Okay, I have done it.",,FALSE,FALSE,
12/23/2024 18:58:28,Iateyosushi#0821,https://www.op.gg/summoners/na/hackzorzzzz-NA1,Jungle,Rengar elise viego,Top,Equal,Diamond 3,No,Season was cursed am trolled in 8/10 games this split,"Saturdays, Sundays",No,,If drafted i won't be able to play until the weekend of February 8th because I'll be in thailand all of january,Rengar,"Okay, I have done it.",,FALSE,FALSE,
12/23/2024 19:47:15,hwasal06,https://www.op.gg/multisearch/na?summoners=Hwasal%23000%2C%20Hwasal%23xdd%2C%20sexwomy%23NA1,Mid,"Talon, Yone, Ahri",Jungle,Worse (2 Ranks Lower),Diamond 1,Yes,,"Saturdays, Sundays",No,Ritty,"Roaming Carry Mid (will be playing on 150-200 ping), can shotcall especially if against weaker mid but preference is secondary shotcaller, able to micromanage up to one person","Talon, main champ","Okay, I have done it.",,FALSE,FALSE,
12/23/2024 21:00:50, ktian,https://www.op.gg/summoners/na/6%20foot%201%20%20Jacked-Gojo,Jungle,"All ( rengar, hecarim/rek sai , kayn)",Top,Slightly Worse (1 Rank Lower),Diamond 1,Yes,n/A,"Saturdays, Sundays",If no one else will,myself I have referred loads of others,I like to win dattebayo,jax because I enjoy chil..eggs,"Okay, I have done it.",,FALSE,FALSE,
12/23/2024 21:11:10,Elvynya,  https://www.op.gg/multisearch/na?summoners=Elvynya%23LUCY%2CLucy+Lulu%23NA1,ADC,"Caitlyn, Jinx, Ashe",Support,Equal,Silver 1-4,No,"I have hit Gold 2 in previous seasons when I have played a lot more. I just do not play as much recently and If I do play, not as much ranked. ","Saturdays, Sundays",No,,"I am like to be a player that likes to be proactive when we can be or able to play passive when we can not be aggressive. I like being able to practice with my team, get coms organized and come into games with a plan. I like to be able to offer my opinions and voice if I think that something is wrong or a call might not be good. I also know I have a lot to learn and I like constructive feed back. I also find that trying to keep up a good mental is crucial to organized team play. I do my best to keep the morale up. ","Neeko. I do like being kinda goofy and carefree when situations permit however I also know how to restrain myself and ""blend In"" if needed. I also named my Corgi Neeko because I love the champion so much. ","Okay, I have done it.",,FALSE,FALSE,
12/23/2024 21:19:51,Flaccid4U,https://www.op.gg/multisearch/na?summoners=Flaccid4U%23NA1%2CTryingToVibe%23NA1%2CPlacid4U+TTV%23NA1%2CCuteSurprise%23NA1,Support,Not sure. It isn't something I think about,Jungle,You probably should not draft me for my secondary role.,Gold 1-4,No,Ranked is a Drag and LP gains inflated way too much and losses are so minute. It make no sense,"Saturdays, Sundays",No,VeryLastNerve,I play based on comp or team's preferences,"Erebus, I caused the death of the Emperor by wrecking Horus. Blood for the Blood God","Okay, I have done it.",,FALSE,FALSE,
12/23/2024 23:25:51,Drysicle,https://www.op.gg/summoners/na/Drysicle-NA1,Top,Darius - Ambessa - Dr Mundo,Support,Equal,Emerald 2,Yes,,Sundays,No,,"I'm a opportunistic type top laner. If I can find an opportunity to make myself ahead, I will try my best to see it through. My knowledge about top lane is pretty good (because of ALOISNL) soo laning phase is secured. But I do have to admit, my macro is somewhat messy when it comes to late game, but if i have an idea I do make it clear for my intentions.","I would have to say Hwei, even tho he is only in my back pocket whenever I play mid, he is probably one of my favorite champions to play. I love to think of new ways to play and make an opening for myself or my teammates to follow. And even if my play isn't what I envisioned, I just get back up and try new canvas.","Okay, I have done it.",,FALSE,FALSE,
12/24/2024 1:45:32,Schorfactor,https://u.gg/lol/profile/na1/schor%20factor-na1/overview,ADC,"Ashe, Kaiâ€™sa, Sivir",Top,Slightly Worse (1 Rank Lower),Bronze 1-4,No,"I donâ€™t really play ranked, but I get matched with and against plat/diamond players in draft semi-frequently","Saturdays, Sundays",No,Reddit,"I try to be map and team focused, analytical, flexible, and shotcall-y. In past teams, Iâ€™ve had success with having reliable sololaners that can generally stay even or ahead so I can play more aggressively.",Not sure what exactly this is asking but Sivir is my default pick when I donâ€™t know what to play because she is quite safe and scales well.,"Okay, I will",,FALSE,FALSE,
12/24/2024 3:43:26,.monsuno,https://www.op.gg/multisearch/na?summoners=saw%23fast%2Cãƒžãƒƒã‚¯ã‚¹ãƒ•ã‚§ãƒ«ã‚¹ã‚¿ãƒƒãƒšãƒ³%2312311,Top,Riven fiora mundo,ADC,Worse (2 Ranks Lower),Emerald 4,No,i think i could get at the very least emerald 2 if i played more,"Saturdays, Sundays",No,,I like playing hypercarries and snowball champs,riven because she is fun,"Okay, I have done it.",,FALSE,FALSE,
12/24/2024 4:41:43,Dreadsu,https://www.op.gg/multisearch/na?summoners=Thoughtsofriven%2Ccallmeid%23snip,Top,"Gwen, Mundo, Garen",Jungle,Slightly Worse (1 Rank Lower),Gold 1-4,Yes,,"Saturdays, Sundays",If no one else will,Some guy on gwen mains reddit,"I'm a very macro orientated, i love a stable and passive early game so i can scale into the mid and late game. Whenever possible shoving sidelanes and moving to objectives is my go-to strategy.",I identify with the champ kindred ngl just cause it feels super natural playing her in the jungle and i like how i can play passive and counter jungle or continuously pressure tempo on the map depending on my own skills in comparison to the enemy jungler.,"Okay, I will",,FALSE,FALSE,
12/24/2024 6:39:54,thecoldcuts,https://www.op.gg/multisearch/na?summoners=Guthix%23EDICT%2CColdCuts%23NA1,Jungle,"Amumu, Zac, Lillia",ADC,Slightly Worse (1 Rank Lower),Gold 1-4,No,"I donâ€™t think I play enough to get an accurate rank, it could be higher or lower","Saturdays, Sundays",No,N/A,"I want to be a team player more than anything and want to improve as a player. My playstyle is usually obj based with farm being my default action until called for a gank. I try to communicate very well through pings but have very little experience on voice comms. I try to avoid typing at all costs, unless there are no other ways to convey info. I feel that in a lot of my matches my skill tends to rise whatever skill level Iâ€™m around, and I always try to play off of those more skilled than me. I think that I can â€œkeep upâ€ with these players most of the time and at the very least am able to follow their instructions. My biggest weakness would have to be knowing matchups and correctly gauging my enemies strength during 1v1s and other small skirmishes however, I believe that I am at my best in 4v4 and 5v5 situations. I play mostly initiators and can effectively perform my role in larger fights.","Amumu, Iâ€™ve been playing him since day one and just feels very comfy to play. I donâ€™t have to think while playing him mechanically, allowing me to focus on the map much better than other champs.","Okay, I will",,FALSE,FALSE,
12/24/2024 7:09:57,Maxwelljrm,https://www.op.gg/multisearch/na?summoners=maxwell%23CAN,Mid,"Jayce, Vel'Koz, Galio",ADC,You probably should not draft me for my secondary role.,Gold 1-4,Yes,,"Saturdays, Sundays",If no one else will,Reddit,"I play a lot of champs with artillery mage abilities (Jayce, Vel'Koz), so I'm used to playing fights slow and poking enemies down. As a result, I prioritize getting to objectives first, and making sure waves are pushed out. However, I'm also comfortable playing Aurora and Galio, and playing with comps that want to play fights a bit faster. ","Jayce 100%, I appreciate versatile picks a lot. Ive played this champ for a long time, I know my matchups very well, and I know how to be useful in most games with the variety of rune pages I know how to use.","Okay, I will",,FALSE,FALSE,
12/24/2024 8:52:07,Goku2057,https://www.op.gg/summoners/na/goku2057-NA1,Support,"Lux, Amumu, Leona",Jungle,Slightly Worse (1 Rank Lower),Gold 1-4,Yes,,"Saturdays, Sundays",No,,"Vey chill, team player. Does not rage or complain.","LUX, sheâ€™s cheerful.","Okay, I have done it.",,FALSE,FALSE,
12/24/2024 9:16:30,Lanciferp,https://www.op.gg/summoners/na/LanciferP-NA1,Top,"Gwen, Nasus, Ornn",Jungle,Equal,Iron 1-4,Yes,"I used to be bronze 1 after casually playing a few games in season 6 or so, but havent played since then and am relearning yhe game","Saturdays, Sundays",No,,Farm and scale,"I gwen top because she is great aar split pushing towers, and J4 JG for the ability to jump on squishies","Okay, I have done it.",,FALSE,FALSE,
12/24/2024 9:40:43,BREDONIS#9133,https://www.op.gg/summoners/na/MiHughJanis-HUGH,Top,"Cho gath, Ornn, Mundo (pretty much any tank top)",Jungle,Equal,Gold 1-4,No,Couldâ€™ve played more this season and gotten PLAT,"Saturdays, Sundays",Yes,Graves Mains reddit,"Team player will pretty much do anything to see my team win, even if it means playing the weakest side",Cho gath! Great tank and does damage so I can win lane,"Okay, I will",,FALSE,FALSE,
12/24/2024 10:10:59,eeleeyas,https://www.op.gg/multisearch/na?summoners=Xiaolong%23eelee%2Cisoldes+boytoy%23meow%2C,Jungle,Viego Vi Lillia,ADC,You probably should not draft me for my secondary role.,Master,Yes,,"Saturdays, Sundays",If no one else will,,My name is Ilyas or Xiaolong I have been playing since end of 2019. I am incredibly passionate about league and I will put as much time needed or more into improving and tryna help the team. I am very open to criticism and I am not toxic. I play for my university League team and I want to get more experience in playing in competitive settings. In game in solo queue I play mostly carry champs but I play both carry and supportive for my university and other teams I have been on before and I have at some point mained most of the junglers other than a few so I have a very flexible champ pool and I am comfortable on playing facilitators or any playstyle that is needed.,I identify with Viego the most because before his release I was struggling sticking with a champ because I would get bored of them quickly and switch my main every few weeks but on Viegos release I played him and to me it felt like the way Viego was designed fit extremely well with how I play and it kinda just clicked for me and even his lore and thematic resides with me a lot and I felt like there were many similarities with me and Viego. ,"Okay, I have done it.",,FALSE,FALSE,
12/24/2024 10:14:30,fluffy_s,https://www.op.gg/summoners/na/Fluffy-6781,ADC,"Caitlyn, Aphelious, Varus",Support,Equal,Silver 1-4,Yes,,"Saturdays, Sundays",No,Millio subreddit ,"I like to play around the team, If Iâ€™m supporting iâ€™m playing a passive aggressive milio and if adc Iâ€™m poking the enemy team till we are ready to dive. I love to make the enemy think im going for a play but just baiting them instead. ",Qiyana she is my lover ,"Okay, I have done it.",,FALSE,FALSE,
12/24/2024 10:19:25,Xeuhktal,https://www.op.gg/summoners/na/Xeuhktal-NA1,Top,"Aatrox, Darius, sett",Mid,You probably should not draft me for my secondary role.,Diamond 4,Yes,,Saturdays,No,No one,"I like playing more methodical, using wave states, prio, and having clear objectives or goals to play around and plan for.","Aatrox, heâ€™s my most played.","Okay, I have done it.",,FALSE,FALSE,
12/25/2024 15:24:27,a12562,https://www.op.gg/summoners/euw/EGO%20KING-1V9,Jungle,"Olaf, Hecarim, Xin Zhao",Top,Worse (2 Ranks Lower),Diamond 3,No,"Can achieve higher but stopped playing, had a 60%+ winrate","Saturdays, Sundays",Yes,R/Olaf Mains,"I like to shot call and play extremely aggressive, I also love to play solely around objectives and gank only when necessary","Olaf, perma fight","Okay, I have done it.",,FALSE,FALSE,
12/26/2024 0:43:20,angelofpaper2,https://www.op.gg/multisearch/na?summoners=AngelOfPaper3%2CAngelOfPaper2,Mid,"Qiyana, Naafiri, Fizz",Top,Equal,Silver 1-4,Yes,,"Saturdays, Sundays",No,Qiyana mains redit,"Adaptable, listens well. ","Kâ€™sante, love the out play positions and honestly doesnâ€™t have a hard losing match up once mastered. Qiyana is #2 took so long to learn but the outplay ability is insane. Skill expression. ","Okay, I have done it.",,FALSE,FALSE,
12/26/2024 10:22:20,TheWanderingNomad,https://www.op.gg/summoners/na/WanderingNomad-Sader?queue_type=SOLORANKED,Jungle,Shen - VI - Trundle,Support,Slightly Worse (1 Rank Lower),Bronze 1-4,Yes,"I'll keep climbing, but I have no problem saying my current rank is accurate. Have only played for about a month this season, played a lot in season 1-3.",Saturdays,No,,"Low tilt, team player, can fill any role but least confident in top. I don't know how available I'm going to be, but if I know what days I'm expected to play ahead of time I can try to make room for them. I am a father to a toddler so my availability is subject to change unfortunately. I enjoy playing solo, but having a team to play around seems like fun.",I've always been drawn to Shen. His playstyle of being far off and separated from the team but being able to quickly jump in and turn a fight around when needed really clicks with me.,"Okay, I have done it.",,FALSE,FALSE,
12/26/2024 17:48:05,iamrowx,https://www.op.gg/summoners/na/Row-RowX,Support,Pyke Rell Galio Velkoz Milio Nautilus,Jungle,You probably should not draft me for my secondary role.,Gold 1-4,No,im just not tryharding a lot this split tbh,"Saturdays, Sundays",No,"i played last season, it was my whole team the bilgerats",Agro play making support gameplay and i like to roam mid a lot,Pyke just because he's fun,"Okay, I have done it.",,FALSE,FALSE,
12/27/2024 1:20:44,adlking,https://www.op.gg/summoners/na/Alune-NA999,ADC,"Lucian, Varus, Ezreal, Kai'sa",Top,Slightly Worse (1 Rank Lower),Master,No,I just don't play as often anymore,"Saturdays, Sundays",No,,"I prefer to just fill to the teams needs, I can play really any champion (besides Viktor and Taliyah) and mostly any role, primarily I prefer to play ADC and I can play either aggressive or scaling champions.","Probably, Teemo :)","Okay, I will",,FALSE,FALSE,
12/27/2024 11:52:47,Scardeo,https://www.op.gg/multisearch/na?summoners=Scardeo%2CEodracs,Top,"Aatrox, Renekton, Malphite",Mid,Slightly Worse (1 Rank Lower),Silver 1-4,Yes,,"Saturdays, Sundays",No,VeryLastNerve,I'm pretty flexible with how I play my lanes but generally prefer to play aggressive and force 1v1s sometimes too often,"Teemo, because I also like to commit war crimes.","Okay, I have done it.",,FALSE,FALSE,
12/28/2024 11:18:04,ifearnobody,https://www.op.gg/summoners/na/I%20fear%20nobody-NA1,Jungle,"kha'zix, skarner, maokai",Mid,Slightly Worse (1 Rank Lower),Diamond 3,No,"rage queue this season, have a decent amount of comp experience, usually hit d1/low masta","Saturdays, Sundays",If no one else will,,"supportive, i play the champ that will fill the hole in the team comp, whether that be carry, suportive or tank. However i am better at playing utility than carry",idk,"Okay, I will",,FALSE,FALSE,